site,energy
0,1.0661810886709873
2,0.9157044454585804
0,1.250182417280825
2,0.4430942426461391
0,1.202730850525995
1,1.1505355966705786
1,0.8078835070613763
0,1.118219067378732
0,0.5198587797866594
1,0.5733658507574654
0,0.7742428152771472
1,1.3663895961280428
1,0.9399124259588794
1,1.5426526470358208
1,1.1195480218059988
2,0.2078180802871538
1,1.398704586110966
1,1.2595991562354245
2,0.5388785531573475
1,0.9550265905496076
2,0.6722429880696204
1,1.3501852495284083
0,0.846230643277921
0,1.1877088265562747
1,0.9519847032842113
0,1.1813988721635242
2,0.9590110733684588
1,1.0992019061288252
1,1.498710399303434
0,2.162224288784782
0,1.0614462702923222
2,1.077865218910688
1,0.6836551968011682
1,1.2464273786693516
0,0.7168177065245231
0,0.3816444981424171
2,0.9010171433038752
0,1.4006107625552895
0,1.6113369572353775
0,1.3635697492559875
1,1.501229385051886
0,0.974901304678384
1,0.6358425800929678
2,0.6761232539463435
0,1.0278216239889844
0,1.5358104111693924
0,1.0703526590676242
0,1.5400308759038808
0,1.7924209771961164
0,1.004513743031396
0,1.5097179888812216
0,1.5197985831595693
0,1.1482731573884752
2,0.7324722904805869
1,0.6203370673562745
2,0.8370020364811805
0,0.8859578197370865
1,1.26570237186678
0,0.6355797496368045
0,1.3710002369895742
0,0.8593066529210776
1,1.2810023718654993
0,1.2097576655337452
2,0.8295949519766996
0,0.4149918285712035
1,0.7088291962974727
0,1.163356354262306
1,0.851001952055128
2,0.328975941000749
0,0.9308355678695096
0,0.8811502753686681
0,0.6426132090376209
1,0.8107008364690954
0,0.7378893442061667
2,0.778179292438949
0,1.3764221837067785
0,0.7244557106447473
1,1.0067752479732237
0,1.7675408741807832
0,0.8279786673480767
0,1.1176075997494754
1,0.7301165073201463
1,1.1978918343583582
0,1.191250042384695
2,1.3156886647773265
0,0.7076109522838563
0,1.428710615150239
1,1.0153471138426071
1,0.9242786152678945
0,1.2046919529951192
0,1.633413481150452
1,0.7214190103120421
0,1.1094629729960843
2,0.4295418705101501
1,1.086307985625638
1,0.5602062364213216
0,1.9977416160599564
2,1.3376088102542107
0,0.5776772338313259
2,0.6993114326635345
2,0.5927997845338377
0,1.1715945788726003
1,0.9033243984927142
2,0.5089460589798749
0,0.8922699080963525
1,0.8887682862679755
2,0.2444804808508256
1,0.9658037068739986
0,0.9804311134500372
0,1.305190679025487
0,0.9038290375777348
0,1.133752452807698
0,0.5991751208122199
1,1.5786654630650228
2,0.806546440666521
0,0.6296553438359642
0,1.271269656649224
1,1.1898890958697166
1,0.6832998279676872
2,1.0209366641864228
0,2.050901710849189
0,0.6332618991247612
0,1.7070253314307129
0,1.2324905026143815
0,1.345997591195669
0,0.3996992184282247
0,0.5137743529645045
1,1.0138519236835464
1,1.2245806570443856
0,0.7380979332869513
0,1.023817800625637
2,0.5148380391036972
0,0.7073454840655695
0,0.5021642043223071
1,1.3222478015930523
0,1.3312218800887772
0,1.3228687086191822
1,0.6175497718836598
0,1.1183043400571362
0,1.085754921675686
1,0.9050106717663188
0,1.5420578734036212
0,0.6226251883189775
0,1.274443022986758
0,0.9663629584611622
1,1.1953961631546113
0,1.4526318900221913
1,1.9952352217654843
0,1.089233653787291
1,0.6935437733669687
0,0.8894936149454788
0,0.9818249774045282
2,0.6046019942345421
0,0.8742082195747107
1,1.204134016158719
0,1.155182487750494
1,0.6037317274563065
0,1.257543239663505
2,0.4345567576168774
0,0.7827258196606972
2,1.0217276821434484
0,1.3811813484431346
1,1.118758181800331
1,0.5697124924744794
0,0.7776323262700657
1,0.4538920199490233
1,0.9867100810478168
0,0.6670835773896884
0,1.2151261455703093
0,1.1886271331280245
1,1.5185133835504407
1,1.2859628125744955
1,0.9833156511366504
1,0.5349606585640212
1,1.6455063934494696
1,0.953646953578186
2,0.2811236097729759
0,1.2189993699695378
1,0.9149192512668374
2,1.886881982448413
0,1.0165823177065365
0,1.1815008972354244
1,0.5555523165026834
2,0.7872837937317624
0,2.238937216882105
0,0.7594749407292624
0,1.0735759396475828
1,1.29237801092904
0,1.4678759253777676
0,0.7374563926620676
1,1.0417780852312712
0,0.8869435975882434
1,0.7590969249969247
0,1.0781595080624131
2,0.6205106811898987
0,0.5922754483542567
1,0.7792999105524242
0,1.2840990022541536
0,1.0982428092515866
0,0.7139002829912896
2,0.8338248260728277
2,0.7288239986422013
1,1.4665419614848352
0,0.4399984023975212
1,0.8534613857943336
1,1.5491362946383456
1,0.8174459821405544
1,1.0284405066811928
1,0.7962614289385217
0,0.7297604970065095
0,1.2065047342538835
1,0.5954207963561131
0,1.28852594521618
1,1.0927602762229756
0,1.3512645630968318
0,1.261727049485387
2,1.149320494590711
2,0.8050877377870205
2,0.5493087097283413
2,0.384401573538971
0,1.1979858659021296
1,1.3061346022406617
1,1.3485666325187815
2,0.5835276597096226
2,0.5521844702213814
1,1.3166125812751377
1,0.8721354654729228
0,0.8863003791630042
0,1.400405182915847
0,1.7661005258904066
0,1.842332774929277
0,1.22657616541278
1,1.0057257891424456
0,1.0392779622790158
2,0.7208995489855534
1,0.6631665082357305
0,1.1469328155245078
2,0.397835422400931
1,1.7166818831071833
0,0.5004713060122867
0,1.170505724714701
0,0.3342866417418016
0,0.8253533420150347
0,0.9389811464463376
1,0.708143356098446
1,1.5627118777535438
0,1.1474454475435332
0,0.8056065403882253
0,1.5941096650368527
0,0.8698007574787424
2,0.362846172315926
2,0.5660282693103795
1,1.0750533761610068
1,1.347742235158876
2,1.3945089172314058
0,1.0150482751238885
2,0.7789684013498555
2,0.5158851834679012
1,0.8404106318315597
0,0.7065063213921552
1,1.177422302031801
0,0.9549722304273024
0,1.313617008753055
1,0.4498077974241141
0,0.4880897761734104
0,0.6944700049115831
0,0.7662157386229187
2,0.9066637085250422
0,0.950962516336176
0,0.4854262199901562
0,1.1202032557487769
1,0.5068841569652687
0,0.6068407476570319
0,1.1582080465562958
1,1.374299719289354
0,0.9430880649653056
1,1.207035583696495
0,1.1549301731515698
1,0.783098126994503
0,1.105958056053964
0,1.471743406350127
1,0.7470913338309516
1,1.0780796765106977
0,0.8958523224073359
2,1.1959493354935375
0,1.529491413558672
2,0.4615620279543009
0,0.8935140082812723
1,1.7683836822290564
2,0.5694861852949205
1,1.017460064268675
0,1.330601773442195
1,1.1481231105108796
0,1.593400279477918
0,0.9965699427980316
1,0.9287340572136036
0,1.6018868999184992
1,0.9256366082013296
2,0.6395480418996375
2,0.4858887696163948
2,1.4019892227526602
0,0.9243786578971368
0,1.002218241349738
0,1.2283430572060756
2,0.6398401517488992
0,1.413763174193206
0,0.9351552907385798
0,0.6823721590261018
0,1.659116323714103
0,0.9846001381292248
0,1.1330528200965082
2,0.8236487142511917
0,1.277310771188866
2,0.3783088466739008
0,0.884552389723126
0,0.7579701769003581
0,0.4913266768399466
0,1.4281687402295802
0,1.1716335025299154
1,0.7676585300352485
0,0.595619703473572
0,0.6383514329907602
0,2.2576722281066264
0,0.88290974559186
0,0.9396209346814456
0,1.5564000189811509
2,0.8718570483152162
0,1.161477095132625
1,0.8414963329902894
0,1.291158600473978
1,0.9835429215766568
0,1.3802964796469173
0,1.1936691565607025
0,0.9751463877523756
1,1.03126939981928
1,1.446035009037986
1,1.1990745277188353
0,1.3756828019105567
0,0.980332017818057
0,1.1394571620593863
0,0.8899906999180853
2,0.4578560364378174
2,0.754499291432355
0,0.9664230097582164
0,0.758807394119799
2,1.2030460481337852
1,1.0491648202886386
0,1.7610087074131666
2,1.2299920260438737
1,1.07211510411895
0,1.434185790825722
2,0.9313886304372464
1,0.5916451637691011
0,0.8334561190648628
0,0.9294226057911604
0,0.7001028748393887
0,1.545175174023996
0,0.8952104166053223
0,1.6882762653465873
0,0.9583006907885764
1,1.0244370635667797
1,0.4638727956915432
1,0.5231859464467448
1,0.991103529501459
1,0.9231691500611984
1,0.5482757646622103
0,0.9596286842854054
1,0.9807100443085236
1,1.4568874458008183
0,0.6102127207713584
2,0.4493067391878848
0,1.075480593266207
0,0.8901904063585561
2,1.2668218144501675
0,0.9239254510218816
2,0.5225423090484662
0,1.257089885408277
0,1.040390783391103
0,0.8184882710372681
1,0.7537421215498056
0,1.6521026979717697
0,1.7346641870139976
2,1.000186058644886
2,0.0493357885712271
0,1.1507440115472587
1,1.014588508324721
1,0.9337850339268814
1,1.1704764910791712
0,0.5473818658202277
1,1.1960794864345416
1,0.8220469359113168
1,0.7756745480690488
1,1.1683951765298275
0,0.6857642074645581
0,1.727378959213862
1,0.5263236265564042
0,1.0669342894402127
2,0.523111945742357
2,0.6463099937400567
0,0.7124916890422803
0,0.9265735659933512
0,1.5962582464647994
2,1.3220611449117423
2,0.9299102135179282
2,1.2011990921829463
0,0.80784935108062
0,1.2909528654174656
0,1.313890618148719
1,0.9303989966807082
0,0.7664989914117095
1,0.6474704258904431
2,0.4839266785527913
1,0.8827931833433249
2,1.209549612366514
0,0.8304866141015168
0,0.8266785357263879
2,0.7159058468158275
0,1.5881406092499295
1,0.9076159671329952
0,0.6824695555165475
0,1.2727692915793192
1,1.192082562210827
1,1.6453274425473987
0,1.0568850268615502
2,1.0604778785685771
0,1.0345392372043427
0,1.0722653012123264
0,0.7588925502608392
0,1.0342814243527414
0,0.7080839894597375
1,1.1772470316064412
1,1.073947320138359
0,0.9197598689509618
0,1.2188056364756203
0,0.9988477556433972
2,1.0546167047021413
0,1.1934303614106063
1,1.4704176853631452
0,0.7984044535730854
0,0.9544823499785472
1,0.6165686701052098
2,0.6975220563078324
0,1.4674570704967218
0,0.9890241495779152
0,1.1767588160132618
0,0.8211371871188361
0,0.125130838689131
2,0.1433823964132442
2,0.9454840735216972
0,0.7571492677491278
0,1.4379516671274355
1,1.4144993399600594
0,0.5208913779795212
2,0.6842613809207025
2,0.7714426783739656
0,0.853081792628984
0,1.5887554080191535
0,1.9652543171624188
2,1.3510480747419815
0,1.1458100786397831
0,0.844461257338367
1,0.8603572854915456
0,1.215324631014541
0,0.9868701328851444
0,0.8730932867395618
2,0.5003237904990887
1,1.1320240911387032
2,0.915583052684326
0,0.7672605480234442
0,0.7520312833968319
0,1.253818656852956
0,1.056333121692489
2,1.7312572448088304
1,0.8817571466467483
0,0.760140081969837
1,1.4815251344455778
0,1.167039769765153
0,1.731108133893995
0,0.8925825895601047
1,1.3560799210597465
0,0.6107728719708239
0,1.2147535875201363
0,1.49005885662001
2,0.5322585015829868
2,0.9057857820378103
0,0.468629520520778
0,0.914057325799262
1,0.8668606722522237
0,0.9149444510574654
0,1.103565130265963
0,0.704640933834696
0,1.1239881401647276
1,0.9435936403594968
0,0.6993900592016189
0,1.3520419453350327
1,0.9657377982810548
2,0.8533814138261779
0,0.9057778659402516
0,0.6712455379167754
0,0.604631801947846
0,0.8968375402918127
1,1.060168110096411
2,0.701891359138588
2,0.6988157920397957
0,0.725750874226037
0,1.6739148209969703
1,0.935703024848181
0,1.0761656539947362
2,0.631048250782442
1,0.8672298549765292
1,0.8956620783929443
0,1.0482610484660873
2,0.7532647046912198
1,1.5289726041683025
0,0.9733299087793617
0,1.187767133626494
1,1.092886745248678
0,2.5139836441251724
0,0.5444612415659551
1,0.9527062155705162
0,1.3933776671241267
0,1.0519354945828927
2,0.4443204132843374
1,0.5182617313836881
2,0.4186608456881231
1,1.0701167671165308
2,1.7715366177578742
0,1.1183555072635167
1,1.0449428203572193
0,1.0556798521851638
0,0.91260731211156
1,0.6308705391866151
1,0.5484142914370977
2,0.1314922283601731
0,0.5425743380767485
0,1.6461480514603857
1,0.8001202369695197
1,1.1701416192114489
0,0.8943510504921623
1,1.0881687377161038
0,1.1395196873982636
0,0.9780195071359116
2,1.3684873119734673
0,1.1020191541207955
0,1.685716493525037
1,1.2439402645162527
0,1.0662375299473863
0,0.7658017038501153
0,0.9607989907613056
0,1.0447884576458932
0,0.5337026493068611
1,1.6030983748655094
1,0.8097819982273793
0,0.7972843754653239
1,0.6908654535276715
2,0.7390425872078854
0,1.2905961355083369
1,1.2288847417060502
1,1.135690746612852
1,0.857521583123571
1,1.5015147989774975
0,0.8312043110606162
0,1.838949295413388
0,1.2554076246016166
2,1.13954314448614
0,1.4464634111627692
0,0.5447976129568697
0,0.6388856840942531
0,0.9978829758643424
1,1.3733541744250597
0,0.6066625933452197
0,1.006197034441243
0,0.6638587325917342
0,1.5346425187577228
0,0.7882944913434927
2,0.1466207951476121
1,1.1767722773004154
0,0.7193965536188216
0,0.5807145584462905
1,1.209267678881757
0,1.3826971699996324
1,1.0410667321344251
0,1.2986008622389145
0,0.6523233154391623
0,1.13153569864778
0,1.3097941588553104
0,1.1479357912872965
1,1.0316438956649558
0,1.4736827727055015
2,0.8054636211093681
1,0.7482908722948878
0,0.8747162131308519
2,1.0904983234743213
0,1.3349557064955198
0,1.667679559786107
0,0.6059398506843079
2,0.1050120788702264
0,1.0266343769492892
1,0.6165451368113964
0,1.4081952112199465
2,0.366834369305594
0,1.6068448499780752
0,1.3014174622319397
0,1.3689474395374654
0,1.3725019283876918
2,1.2838597642427183
2,0.5740283331761482
1,1.5432465309895065
0,1.0042442920074568
1,1.0530672739346292
0,1.0362956797501388
1,1.2299408471717452
0,0.7145224498481184
0,2.2944875463377308
0,0.6085733978218277
1,1.1753935386131502
0,1.2460519621857309
0,1.0663946720909507
1,1.7309805343828666
0,0.7641131387633209
0,0.987896027459044
0,1.5114213423300962
0,0.6128134393815686
1,0.6029208142592775
0,1.4432719842004662
0,0.7531109668170757
0,1.0933612501137304
0,1.1697590780181604
0,0.8275251505888832
1,0.644072222589892
1,1.46669248324116
2,0.8063360941060425
0,1.4112600911800524
0,0.8901585678490846
1,1.249772078446994
0,0.8922105304608862
0,1.2386535951886222
0,1.1542498834996868
0,1.7834856920820226
0,1.382549738511159
1,1.016426502029674
0,1.1959457050015807
2,0.3502398334230749
0,0.838138391233826
0,1.6544397984064292
0,0.877701063528491
0,1.0561013047695833
0,1.2537239338469126
0,0.5222156445618684
1,0.9162283004755514
0,0.7336292345421498
0,2.340772603015236
0,0.8204224539496181
0,1.33019609564741
1,1.3066094252977796
2,0.9535800865062916
0,0.7621304118493395
0,0.7172010357720635
1,1.4985369423421275
1,1.0684826668538676
2,0.6193642042653733
1,1.195145774189655
1,0.7240440694910315
1,0.6422662605916107
0,1.8223788755573225
0,1.0684335378155652
1,1.1578583705047567
1,0.5917000828392243
1,1.099605587395157
0,0.6964590998419453
0,1.7259413011944966
2,1.0323178391230954
2,0.6898220866078459
0,0.7011153316100835
0,1.382533439028749
1,0.7145162750596227
0,1.4414717800419226
0,0.8818956990120332
1,0.9495954218267848
1,1.0798872036755842
2,1.0548874469915288
0,2.008800071361067
0,0.2807885391584932
0,0.3614383397805343
0,1.1094718808026869
2,0.5256827211478247
0,2.491842515809596
1,1.005753295862462
0,0.5736413673886882
2,0.8305918108570015
1,1.3366162231992569
0,1.3202561061859224
1,0.7280535357517692
0,1.1987065343496406
1,1.4501024576047143
0,0.9696683995642844
1,1.2316574277872974
1,1.3175218137606637
1,0.947748567013832
1,0.9666913376108832
1,0.4448454327365993
0,1.0289003386649247
1,0.9270184618128492
0,1.112095967521725
0,1.2942902059587595
0,0.699887886317982
0,0.8055701598067335
0,0.9553110925032806
0,0.7873966070716848
2,0.6393426526960866
1,1.1909013241743756
0,1.2530731472588164
1,1.1206892218503404
0,0.5648951802836564
0,0.6329204366801404
0,1.1472181543603592
0,1.2661010873658851
0,0.9065484537190986
0,0.6844174369436472
0,0.9668528762462624
0,1.6550820876319667
2,0.6015031135194266
0,0.890019186204313
0,1.1229605566513785
0,1.5931146176052948
0,1.210410438786767
0,0.7157069574262779
0,0.8907968015594177
1,0.4134202438563439
0,1.2535881521511651
1,1.0715710353584886
0,1.2884924430360911
1,1.021852692041989
1,1.110254949885871
0,1.2752840332838105
0,0.8624871107646753
0,1.261608971704221
0,0.6832310682181963
0,0.550607010210115
1,0.6402671881958779
0,1.2070477554705694
0,0.8317018484891046
0,1.0638516291075466
0,0.9465080388772558
1,0.8979671221267727
0,1.2789155757409951
0,0.9831693598966904
0,0.698846683847819
0,1.3601741544762298
2,0.9253902650139516
0,0.9609226352305876
0,1.7224870686874851
0,1.3905672014425905
0,0.5119732526556504
0,1.0651764717042624
0,1.577543329986666
0,1.1373199835379637
2,0.4985954354890767
1,1.001088538757018
1,1.083730024897874
0,0.3695945520242035
0,0.7732083544223087
0,0.7049771325264942
1,0.7711425576882222
1,1.1259929377454232
0,1.0785133045381494
1,0.9559081734484494
1,1.5715028220850495
1,1.1053372924465066
2,1.0923777734772095
0,1.297136325401198
2,0.6614055219312082
0,0.5439881362395336
0,1.251636140273717
1,1.332782411939946
1,0.9273269192517556
0,0.7836411950823956
2,0.5129890924547453
2,0.3322784141827546
1,1.1623893729199608
0,1.5821024611327623
1,0.96171009502632
1,0.7649888428389887
2,0.6217156273416435
0,1.904228560085356
0,2.215456772613038
0,1.1870017975933815
1,1.2281944397434472
0,1.102048785922931
2,0.6976166023284804
1,0.8945729035136765
2,1.3339642240604233
0,1.552911661249199
1,1.5439909447716786
2,0.5952017219349841
1,0.7349619756026295
0,0.832051087303626
0,0.5835522653010239
0,1.1648707330394918
0,1.4056073614742663
0,1.387590424424504
0,1.0065333619309644
0,1.4572085426923431
1,1.1762238067785806
1,1.104821701262154
0,0.7388974379232426
2,0.8200497888195174
2,0.5466138288456195
1,0.7078075181079275
0,1.187873139679937
0,1.581351875127269
0,1.7215334533724995
1,0.822452952888625
0,1.0543080705078864
0,1.4235087512254831
0,1.7613143494059498
2,0.8473795571464766
0,1.129030184523288
1,1.140145560711061
0,1.4710930282971044
0,1.007179649272473
2,0.6163044149388386
0,0.9861872582759472
0,1.1908124347311864
1,0.9858389886184118
2,0.3866282129074292
1,1.2450510038973452
1,1.2563300389764986
2,1.3496326758535464
1,0.7331729153318634
2,0.9797641544307684
1,1.0835886127434835
0,0.8102004668702423
2,0.4503333141198027
0,0.8322634991718019
2,1.0239777830647094
0,0.922410173885851
1,0.9517867294616148
0,0.8611145508684213
1,0.938110054629306
0,1.0811396351187472
0,0.4139318347411072
0,1.0133665789003317
2,0.8967635477753788
0,0.7890985461498867
0,0.748677949167643
0,1.933552713939661
0,1.2335054973998458
0,1.1106029882957391
1,0.9503781955352602
0,1.0092350748332135
0,0.9607787491007678
0,1.4379864808487353
0,0.930461870794092
1,1.2758703312642858
1,1.444466925989559
2,1.3193247887634811
0,1.249661074275024
0,0.9583188413073456
1,1.151516623633427
0,1.184146688159899
2,0.8295638947248563
1,0.8632090573034366
0,1.7606709935972198
0,0.9393881581109422
0,0.9304467202231876
0,0.8437113193123196
2,0.4533851535381906
1,1.3380733132764249
0,1.1529340951986455
2,0.9844308461602482
2,0.479081406072964
0,0.7540279989715939
1,0.9730666103489504
0,0.6628769730509705
1,1.4677851339138783
0,0.7509271286484135
1,1.2216585492333825
1,0.9265659509862876
1,0.8536715858036814
0,0.8929338010581778
0,0.8092039731978389
0,1.3917001267266205
1,0.9131531145538934
0,1.3945755549937644
0,0.5282636099057072
1,0.723926217578934
0,0.9816530826618096
0,1.296739854425141
1,0.6557976309763944
2,0.9618320267844068
1,1.5201179672649234
2,0.3908024137144897
2,0.6903439438869441
0,1.721142569513919
0,1.1749214173599962
2,0.6029716283242124
1,1.0773886881612516
1,1.6382316667983905
0,0.8446924790710568
0,0.4291100264212
1,1.661750895092608
2,0.8968519796658664
1,0.8315192223682288
1,0.9818470949368814
0,0.8942133650582491
2,0.7311192224719891
0,1.798962925666899
2,1.7486482334020366
1,0.4539654702609824
0,1.8476650897949831
1,0.7251888663334967
2,0.3351382960810837
0,1.0525964187216914
0,1.3304657279803678
0,0.7902201204719854
0,1.097803911881898
0,1.2318555499608133
0,1.621478290276004
0,1.1371827418012683
2,0.7360260311068028
0,1.2099612966631534
0,2.2523930134194643
0,1.5386311374310244
0,0.8260899394215359
0,2.1888606097028287
1,1.170842281996102
0,0.834560251817777
0,1.0405190898600836
0,0.7334394932327637
1,0.8200004560694647
0,1.1558218494699304
0,1.5284059514863202
0,1.4252390304412756
1,0.6027200776766217
0,0.8125350875769763
0,0.9414464112676916
1,0.9548476622731528
0,1.051762797924085
1,0.6286819948696238
2,0.7039762006031652
0,0.8078082525549335
1,1.369798175350068
0,0.7537515760735101
1,0.8077618962577726
0,1.8537666980120644
0,1.0755925372284296
0,1.7394438320370682
0,1.1702340412326189
2,1.6004899810037605
1,1.053160188535742
1,0.8594129861417029
0,1.0270722672969432
0,1.551652849121977
0,1.6356371945209958
2,0.7765305741123778
1,0.7781511933505949
2,0.8131139805473709
0,1.2519082254576683
1,0.993165342669898
1,1.100662218846992
0,0.9665589955753828
0,0.4636086709345824
2,0.5808658530904987
0,0.9772957075410336
1,0.7003168451473694
0,0.8955154233158282
0,1.327240860033271
1,1.81619964904587
0,0.8018835662385866
0,0.7767413143706674
0,1.6210497964352155
2,1.5357568905710652
1,1.5458159484767302
1,0.7663177210897061
1,0.9365481700531292
1,1.1695169764442412
0,0.9507819762661712
0,1.5045890083845288
1,1.0724389557689171
0,2.2041339764040835
1,0.963506089405768
1,0.5971751406226531
0,1.1214314804193473
0,1.0239389020516114
1,0.9500395366221142
0,1.4057830045595097
0,1.6307851258517871
0,0.990933336943783
0,1.3035979942698075
0,1.0181881221249682
0,0.3150234890045449
0,1.8858642876761005
0,0.6378603265989115
0,1.7523498090158127
1,0.5959221122842564
1,0.6909289016294335
2,1.0669183024642166
0,1.0029154731338394
0,1.1492307104734891
1,0.8810032117958715
1,0.5628241863214498
0,0.783579758677889
0,1.4190167820414672
0,0.5262064641627262
0,0.8248327326403453
2,1.106109458443882
0,0.4968752167610542
1,1.2847336433472956
0,0.6896304438702145
1,0.8420865173807784
1,1.0518089893149067
1,0.9031804951336536
0,0.7413552637945591
1,0.9590812945841662
2,0.9485413676349596
0,1.2871408433969131
1,0.9054751867075196
0,0.7944786379140951
0,0.8741732605486163
0,0.8714461584302176
0,1.3714297352018434
1,1.0875428804468463
0,1.050794307647152
1,1.1202883692513974
2,0.375510356798941
1,0.876545527419808
2,0.6597560196072441
0,1.4112568064946904
2,0.6983420066991923
0,1.3036044832031743
1,0.7556066313289959
0,0.7803642679716633
1,1.2336640044320006
0,0.7613262245662326
0,1.1723437871496056
1,1.2278886635982642
0,0.603705583925318
1,1.2553797807985911
1,0.8380671853425383
1,0.9923311832226888
0,0.4492095011953545
1,0.9530237094674012
2,0.6265908681634615
0,1.397120213020285
1,1.151393624480307
2,0.9397001820954072
0,0.4716427290429119
1,0.9080383024911498
1,1.2691977122340763
0,0.7229833147406457
0,1.1044747728813604
0,0.6949183028039556
0,0.897841176975305
0,1.2107974151542744
1,1.049194067052893
1,0.578281216591979
2,1.3793698247360453
0,1.3486569631150482
0,1.0319940648278134
0,0.7786074239730856
0,0.7497570728812091
0,0.8720478695253746
1,0.9419237949938408
0,1.0988773882920098
0,0.669360602641802
0,1.1515655826397069
1,1.6920992756445798
1,0.768027365041914
0,0.8985541986021994
0,0.609267263939842
0,1.1679477315242348
0,0.8130158162189223
1,1.112893965964133
1,0.9113802503611048
1,0.9897140056684184
1,1.1415147587905496
0,0.5516917128597356
0,1.1537339592536
0,0.7007780845221419
0,0.8034406831669685
1,0.4222982918011804
1,1.2182483079063222
1,0.8813392034008993
0,1.05804601364764
0,1.4975839553197297
2,0.6251443692586918
0,0.898306899534135
0,0.6857262869922349
0,0.7042427845133261
0,1.5935278066855294
0,0.8199851377618188
2,1.143556790944216
0,1.4184532153003602
1,0.8997459400678169
1,1.0411210165109983
0,1.0489849019282929
0,1.6092974800215538
0,1.223777170229198
0,1.1211014866740356
2,0.8730161709174344
0,0.5920408360303215
0,0.5311055100789872
1,1.0198494549129586
0,0.734328614803871
1,1.6044128378659313
1,0.6606380471374114
0,1.0547746392995236
0,0.7065424026398545
0,1.4326806105525494
0,0.9141355915007234
2,2.015637022109217
0,0.848692579523914
2,0.9180497887800813
1,1.5466057573054297
2,0.8660456260360978
0,1.1639803137320524
0,1.3922131236223532
0,0.8903890679528673
0,0.8359199899151695
1,1.043028109560737
1,1.2623458369424738
0,0.923379634589594
1,0.6569984023485063
0,0.9484541462460911
0,1.0864135617890724
2,0.9383864773119116
2,0.8204418431229339
0,1.16299667398198
0,1.4553717521951066
1,0.734391632290851
0,1.3744274153057177
0,2.053218763164692
1,1.106795335320161
0,0.6834109723084225
1,0.9494540120652476
0,0.7575295294907956
0,0.7617784942286789
0,0.6694255652762992
1,1.020620378966668
0,1.5261900705911522
0,0.3872238711888373
0,0.4933382180518038
0,0.8633226243071022
1,0.4028677273902863
0,1.0753304730970965
1,1.2408379446915785
2,0.2600610516555521
2,0.5502976800212308
1,1.2192712811344104
0,1.2140265180507868
0,1.3675381708608263
1,0.6279271120926642
2,0.7034178439067533
1,1.5860486783070646
0,0.9670538072114128
2,0.7993547774703536
1,1.0839327651389097
0,1.2034925473421936
1,0.5315163847830958
0,0.8409985854835877
0,1.746215735247576
0,0.5837862391064164
2,0.2819777102775442
1,1.4649434520878233
0,1.5239174062564302
1,1.1989127651687004
0,0.920271863953814
0,0.8618009597679479
1,1.3693881053682722
1,0.8394439061950152
1,0.905533287885419
0,1.0612955005444178
2,0.3816017313409868
0,1.1702279404610758
2,0.9640174970505192
1,0.7960792217966177
0,1.0203931155103874
1,1.1732904253815946
2,0.8590734882689626
0,0.6947108636770167
0,1.149106147767954
1,1.0135328539019492
0,0.2748189088305819
0,0.991972945850421
2,0.8579850825367998
2,0.5863066397491814
1,0.7476647219870078
0,0.8015530811408671
0,1.189370133873127
1,1.2007485680636591
0,0.8286280135675388
1,0.4725582199145037
1,0.8735327341767811
0,1.1410960523203943
1,1.3617902989090565
0,1.6474690991707912
0,1.8979281536052213
0,0.9124506102805876
0,1.0432884204330444
0,1.0158998055289876
0,1.4461272995791266
0,1.0738509272826486
0,1.2274044685814838
0,0.901582855266895
0,1.2073772094753394
0,1.0786194533765183
0,0.7533307392641868
1,0.9466895018757095
0,1.053550379402168
0,0.9108042816703802
0,1.0696133657331757
1,1.5713000076856938
1,1.0459252363374945
1,1.1686643764298883
1,1.0114320669160293
1,1.2638575564365615
0,0.8876634837636173
1,1.292334353572187
0,1.5580464409143806
1,1.0331458281351047
1,1.1545916757415862
0,1.0134872065146965
1,0.845696265279968
1,0.6786911556061459
2,0.1336925278837833
0,1.2414742541053547
0,0.8776340714823622
0,2.4817844871623738
2,0.241506635683625
2,0.4091214055616207
0,1.4220338589167332
2,0.5807534968667523
0,0.8075759319916078
0,1.5175849631359606
0,0.9006638111811149
1,1.4226781107507795
0,1.0802431218718862
2,0.4854544356446693
2,0.5632962112188116
1,1.1770002312721894
0,1.6316572743294309
0,1.0214896298278977
0,0.593848991594803
2,0.9701882451007008
1,0.5439530866403857
1,0.5819673316484568
0,0.5945158589750575
1,0.6663507528298289
0,0.9880419239071904
0,0.7370843440431267
0,0.7751289399288921
0,0.5256484745780579
0,1.0566697815565291
2,0.3107573415848608
1,0.8066748836243383
2,1.0481176570048092
0,0.841802622562398
2,0.4626478479810352
1,1.157942951102825
0,1.253339644736684
1,0.7624062930499362
1,1.1573950794957
0,0.8646237047102545
1,0.816369670413678
0,1.1947920652751218
0,1.288302811439166
0,1.736278792486759
2,1.0056246743267825
0,1.1039824471786237
1,0.4400901698626853
1,0.81053949612709
0,1.078275027861878
2,0.9037000153221584
2,0.6698644810638825
2,1.035966778161935
2,0.7163856404632727
1,1.2865149182103437
0,1.1206540325997605
0,0.7362026041154193
1,0.8086938312878829
1,1.180048999844531
2,0.5808891676627543
0,1.0271594595615174
1,0.8372502465381899
2,0.5550556198768786
2,0.7486193985658933
1,0.9524019014497184
1,1.1802771377895176
1,0.718691866634857
0,1.2747637767795954
1,0.6343762380117826
0,1.1424384116668893
0,1.4186223902750044
0,1.868716714021048
0,0.6950739130508623
2,1.2590850428066462
0,1.3084641362215734
1,0.5824687081274087
2,0.5012213561903422
0,0.9052599566243198
0,1.4197512416017144
0,0.9481991457481056
2,0.9560545807294724
0,1.1317332097028174
0,0.5302209472071704
0,0.4220835455662381
0,1.7371435546709222
0,0.6882531550318731
0,1.0532175665615569
0,1.1649468412643955
0,1.1286744718111663
0,0.5348249464922787
1,1.004757163880129
0,1.0802872083373811
0,1.1184134935201089
1,0.8915445598213978
2,0.5580924134643486
0,0.5225784348108387
1,0.6675152815545862
0,1.0370867361792762
0,1.2043356875797715
0,0.8201230916318991
1,0.6461031478265961
1,0.882532974598746
0,0.9666412510535454
2,0.4306946420531847
0,0.7685595012289359
0,0.6326529859821326
0,1.7379139158505854
1,0.8075181758039198
1,1.2288311781160806
2,0.955577779820658
1,1.2529154977431176
2,0.0526536781757167
1,1.034700900647977
2,0.7360288711991532
0,0.8790116626654478
1,1.8009230418629727
0,0.766302379822549
1,0.8071568728718139
0,0.8084089444437836
0,1.0739930001247444
1,0.7456240493769424
0,1.060421731802136
0,1.3161468004436196
0,0.8884756237228544
1,1.4130735911372212
0,0.7744626484245591
2,0.8851756607433572
0,1.124494757566083
0,0.7994359931318511
0,0.6956173557722425
1,1.7285319319004202
0,0.8381309869928355
0,0.6401925159224789
2,1.1505849234751504
0,1.1082355059864994
0,0.7475545055131652
0,0.5923484724704058
2,0.3797942842613793
1,0.8362494966841609
1,0.7206558844111182
1,0.9305021063634622
1,1.2426393052604707
0,0.513407514638573
0,1.2982463771209627
2,1.044160604554918
0,1.4006154623281173
1,1.3203563402608434
0,1.434786392708702
1,0.7886075821404575
1,1.1369232011739423
0,0.7366218382824168
1,1.3701838716881412
2,0.4222897193702692
1,0.9236051343193594
2,0.7274602782579218
0,1.0943396886950154
0,1.198412419215173
0,0.7584462570680444
0,2.00634519149531
1,1.0482545572830304
0,1.0697280398516682
2,0.6817349874681327
0,1.596734799143519
0,0.786190529995622
0,0.9980499048090232
2,0.6648091854044411
1,1.1870706841370973
0,1.0015208545445944
0,0.705781153613942
0,0.6775379875221015
1,1.00770303800823
1,1.0968385099502598
0,1.970760437774402
1,0.2757370708274144
0,1.80724871587398
0,0.8560344202615511
0,1.4838604038886878
0,0.5809321811636323
2,0.9394625430177824
0,0.7028591792418412
2,1.0026254880834615
0,1.1112317699140712
2,0.982883680698027
1,1.0892018885190278
1,1.035984169704479
1,0.54552466831825
1,1.052759242234799
0,0.8884877052818192
1,0.5483301313774643
1,1.0076754337692932
0,1.41991797945252
1,0.4380346454734078
0,0.6894167481088971
0,1.4365030040487454
2,1.0789966116799965
0,1.2935292628869766
0,0.7468252220893423
0,1.2248200771210809
0,1.25572976356034
1,1.6137867975439215
0,0.7002339325311482
0,0.6305702872254529
1,1.1235868690619115
1,0.9632287307903198
1,1.263409531128957
0,1.679675655220537
2,0.3599305532686266
1,1.0311343156129174
1,0.8646127330268305
0,0.6697138018358086
0,1.5964447076940491
0,0.3707163735587073
2,0.7701362707238673
0,0.9895312631227292
1,1.0215514478520058
0,1.3035488525928836
0,0.9910806987804794
1,1.240703327703159
1,1.1252490648029756
1,1.318055772320463
2,1.0353702737872938
0,1.0679283354451163
0,0.8736151481064676
0,1.1305070976606548
2,1.3753500631388542
0,1.2169486921857242
0,0.8613184597854802
0,1.0576018295163865
2,0.6126570384516865
1,0.7398193235208055
0,0.6192544020950037
0,0.2195963101330371
0,0.936923495865528
0,1.8503084900025897
0,0.5517211357475277
1,0.966460269586833
2,0.9045966492007542
0,0.8925728968339968
1,1.583338674119377
1,0.9873148209045994
1,0.6215386418306821
0,1.221254609824257
0,1.5653002402923963
0,1.0254189927470638
0,1.2663439823124936
0,1.7240930691672247
0,0.6449486338307225
0,0.6276239298181849
1,1.2116548278316364
0,0.7121703845520306
2,0.3035146825984041
2,0.7737615804332448
1,1.7410457520265954
1,0.8429117511550429
2,0.7456718075911795
0,0.7669436500283382
1,0.9199519692265308
0,1.170499259906931
0,0.7538520779868345
1,1.3075288965815162
0,0.7663600301436295
0,0.918317712536634
0,0.95390970561607
0,1.3454170150948244
0,0.6210090254550098
0,1.0058542937895822
1,0.8513031214748707
1,1.3397092399623023
0,0.6466841875601408
2,0.7430697784258111
1,1.1530428105842252
1,1.1120289782412
0,0.4628543429146248
2,1.5079535125142338
0,1.040037598871947
0,0.9408893510734516
1,0.8394737633367981
0,0.8952163221354112
2,0.6818194922270819
2,0.412400361638235
0,0.593478828483569
1,1.0386540305204908
0,0.987705581830653
0,1.017412660153126
0,0.7903741504286472
2,0.8951735267679624
0,1.070146010139012
0,1.0640558244687697
1,0.2507520014649453
2,1.475404221643828
1,1.2862390628928324
0,1.0304882204506498
0,1.2388499872894825
2,0.5879814120931428
1,1.046654375939227
1,1.3600618984585262
1,1.3495114425368246
0,1.9824191824852693
1,1.2951263660800127
0,1.3026971924323338
2,0.7725997647286817
0,1.1564757588793673
0,1.3318160472462073
2,0.4569613833760436
2,0.5134937480691975
2,0.639833145428028
0,0.6121541241992648
1,0.6905719160937585
0,0.5297539212377842
0,0.5835467669356245
0,1.434477584766797
1,1.5632954810079136
2,0.458530736865506
0,0.3341722939405339
2,0.5227707819037164
2,0.5086588345241126
0,0.5300470543127744
0,1.1965029619563534
0,1.1708166320452165
0,1.1086197560575792
1,0.8975883490222711
0,0.9702468603471184
0,1.0230749834139483
0,1.227428006309367
0,0.9048178950422434
0,0.9152030085918446
0,1.1849527941815263
1,0.7111928715502198
1,1.2279117968109858
0,1.6201712310783023
1,1.1332097750641312
2,0.6189774283109268
1,1.0656468755666992
2,0.9911971484854748
2,0.8504602856049814
0,0.9513676988115094
1,1.0435091182324636
1,1.232476245682336
0,0.2955190390238156
0,0.9276828074679884
0,0.8559763259928568
1,0.9441718798772174
0,1.4106121977083612
1,1.1231344874727256
1,0.9985468696581844
0,1.5666178097119428
0,0.7591065401641406
2,0.8490140673566093
0,0.648652613465174
1,1.0007981499693424
2,0.0753699775310837
0,1.378381988427407
1,1.0850848652950742
0,1.6012635718570891
0,0.5686717418683429
0,0.7871866661266731
1,0.6435083154178187
0,1.7591481002988871
2,0.5027755242262111
1,0.976437297908546
0,0.7609908782142724
0,0.6754190304614555
0,1.0937434193480728
0,0.7972242273363577
0,1.332639617353323
0,0.9170336836544944
0,1.191149840258845
0,0.7917616847476554
1,1.1271882712974275
0,0.7821877632162564
2,0.3908085026805424
0,0.8200667436145749
1,0.9673887796481616
1,0.7265905199824264
0,0.9175214374060928
0,1.167876986637168
2,0.6819297949877333
1,1.099858660443486
0,0.9365984338024876
0,0.9974824684827016
0,0.6935272767307197
0,0.647351547276344
0,1.399022357643276
2,1.0562977247622594
0,1.345898607603318
0,1.270270763786754
2,0.5231280560990399
1,0.9897002116463796
2,1.0304367253389728
0,0.6879503687899264
0,1.220415675330912
0,0.8713098067829037
0,0.6210559932164865
2,1.1980268096740476
2,1.1352900022474732
0,0.8952569572778364
0,1.163679020867448
0,0.9110850786817082
0,0.5687139365798544
2,0.3686010958617762
1,1.4009528447796251
0,1.2197475390496493
1,0.9670084647501088
0,1.048739483610233
0,1.0777346322542485
1,1.085633877882286
0,0.6378797842604065
0,1.3348438974662722
0,1.1535587843925446
2,0.5450035397347215
2,0.7272186390897208
1,0.6294807219574905
0,1.1136221712492331
1,1.0714487367957295
0,0.8184795265069056
0,0.4021147840728077
0,0.6936499439033808
1,0.8010104024877479
1,1.196398685336476
0,0.612505091752098
0,0.7362531444218234
0,1.446035036754438
0,1.6177498656102216
2,0.2390925510245551
0,0.7719758022768133
1,1.171753240094688
0,2.4279165053461043
0,1.1706060526690305
1,1.0577157060639597
1,0.5032725075346888
0,0.9616694857218708
2,0.2726389177329298
0,0.5277609953287197
2,0.6007307149963563
2,0.6446995736841815
0,0.971439372432826
2,1.1593508517149758
0,0.4825340319409859
2,1.0690974407301042
1,1.1695993892738556
2,0.7541411083173555
2,0.6924325662216123
0,0.8225557696581516
1,0.809606791799582
0,1.0103344140422332
1,1.1821636562906406
1,1.0153036296297688
0,0.902808017055519
1,1.350412368974106
0,0.955461979940822
1,0.8023041160653288
0,1.175692405614824
0,0.8383071150341825
0,0.8346264459535746
0,1.2447724633531152
0,0.9804295552237928
2,1.0341708667767626
1,0.9558974327150612
0,0.9178504809691505
0,1.397346878815255
1,1.6183197223379029
0,0.851308888407404
2,0.7915574080863051
1,0.8834558960026018
0,1.118505145934705
2,0.9230221186329004
0,1.6544057131891918
0,1.0697100789240608
0,0.92942285411823
1,0.548863042526818
0,1.4286005974798837
0,0.9877849156511628
0,0.7475407249822865
1,1.252331583724582
0,0.8334727612421506
1,0.9713516973919808
0,1.997117627216708
0,1.078177133370957
2,1.2121140058045508
2,0.2006382439750496
2,0.8715666940973392
1,0.8121276224335361
0,1.2777333170058105
0,1.6375091097040697
0,1.8707662907308968
0,0.7771676640543894
1,1.225353323540333
2,0.3635885757700148
0,0.5119128117561895
0,0.848098328713264
2,0.8197437354805868
0,1.072431699417737
0,0.7755542060451718
0,0.8744980260894417
0,0.7290888178608834
1,1.0303321517864088
0,1.5357336401207826
0,1.0880860814863245
2,0.3266854461038605
0,0.7123738677667004
1,0.5623993136833291
1,0.790699632891631
0,0.9694872071166296
0,1.469039852975868
1,0.9890395770781876
0,0.651804391017663
0,1.4315817748830018
1,0.7734902859055515
2,0.2461250408337603
0,1.155201477185643
2,0.3291962136477575
0,0.8871240032619316
0,1.2607309183547937
1,1.1006504257839556
0,1.19691039820208
1,0.8413385096983461
1,1.0103838786457686
0,0.9230771682081808
0,1.0302181129811734
0,0.6677791483228921
2,0.6059120893148702
2,0.6760220916087287
0,1.2321910453591718
0,0.879262739274452
1,0.9761536776302356
1,0.6821114272967179
2,0.7178702777932748
0,0.3763897398833933
0,1.3997266821648946
0,0.9184263591390612
2,1.0384058443108866
1,1.2656603676306295
2,0.9719723373430612
1,0.7644912372105654
0,0.8767731618533501
0,0.840372691867513
0,1.0440933475369425
2,0.8507184875582537
0,1.6315099519239895
1,1.1554372493046117
0,0.98958863524439
2,0.691405954901865
0,1.378372956168449
2,0.5290156122775906
1,0.7830205987011141
0,1.1666624012229934
0,1.923350464069813
0,1.290123444261554
0,1.5698169286511074
1,1.0905676656581478
0,1.3548030269710856
1,0.9871972298514606
0,1.6629522435611062
0,0.5389761666199319
0,1.4541234633086937
0,1.0490820258484062
0,1.0442622908201993
1,1.4784354042666925
0,1.747293198526279
0,0.6643079177114828
0,1.030196574315653
2,0.6118309331290073
0,0.879112131490217
1,1.1346794735465
0,1.093659399626005
0,1.341501324188925
1,0.8504633624687024
0,1.100671752295569
0,1.4400131069225504
1,1.0624411218609566
2,1.335411502380921
1,0.9246648238126918
0,1.2868162756163883
0,1.38043675552143
0,1.389487398724329
1,1.047940700985464
0,0.921099242274238
0,0.6406473595187663
0,1.1724128935345566
2,1.6524300347682588
2,0.1583848904550677
2,0.7450874624062747
0,0.9693883675994908
0,0.6627570706497747
1,1.6920382542004386
2,0.6701688202280511
0,1.2240173139925892
1,1.309018444584808
0,1.786905805632045
0,0.7974229034630871
0,0.4697603603771085
0,0.589486294245205
0,1.0725168293868128
0,1.1694451934910726
0,1.097632189243427
1,1.1877395823918846
2,0.5688227801742227
2,0.8697521914257891
0,0.902233131001537
1,1.5686426348496507
1,1.5392741839127655
2,0.8536416462724072
1,1.2676360719598296
0,0.9217281613218806
1,1.4551970273033694
0,0.7914717878600177
2,1.409112034686815
1,0.7460188097022069
1,1.131566353316657
0,0.7513902912033354
0,0.5776507014576859
0,1.7042956910013336
1,0.9563763783642684
2,0.139707425016695
0,0.7581409854507228
0,1.0152101024580134
1,1.1995956531914092
0,1.1997078749506045
1,0.6591959355633321
1,0.7802254910269064
0,1.0222238111596216
2,0.6342381690616321
2,0.3219714424365842
0,1.202709490229097
0,1.5015023992684178
1,1.443961601864601
0,0.9705013862228506
0,0.6494716128664775
1,0.8293288024595995
0,1.1445601952657398
0,0.8089331292123365
0,1.1361317041503298
1,0.9912247482420184
0,1.3909975085023838
2,0.7703201103286027
0,1.124307423150754
2,0.7176480642366679
0,0.719760763647344
1,0.5343029081315647
0,0.6411053460454932
2,1.398263920228146
0,0.8215895884446809
1,0.7159158961005772
0,1.7166436118573647
0,0.6268990480261325
1,1.2284232493420295
1,1.7938576883979636
1,0.603502650789441
1,0.9464284097759332
2,0.0854656849950856
0,1.0285214022383675
2,0.1818130633649838
0,0.6035421231484293
1,0.7705518061261492
0,1.0364908652629763
0,0.8753602362236275
2,0.3771286679390755
0,0.7266010250754102
1,0.8703804444329539
1,0.8751169944578688
1,1.5699100735164393
0,0.8009289986143813
0,0.8139546170160652
0,0.5781316239384169
2,0.8007003345604176
1,0.7500254356768892
1,1.3864470134626004
0,1.029465752420606
0,0.9433214732696912
0,0.7831650360498655
0,2.40337737876672
2,0.4768267153358463
2,0.7796357315413398
0,1.0681227664147173
0,1.0636784591993655
1,1.0887884548054103
1,1.058595218130394
1,0.7060607752487157
0,1.4366494063572173
0,1.389360402129055
0,1.2956326857578775
2,0.93275323311417
0,1.3784773213733974
1,0.7851679407340844
0,0.7729662605539711
2,0.6543762408294176
0,1.2725829441672554
0,1.3749801903629768
1,0.7425513338928371
1,0.8446784948532704
1,1.1296611717861538
2,0.7100472547155621
2,1.3446920330586067
2,1.2897125567561163
1,0.9292286473705076
2,2.706367052371373
1,1.1090488191578065
0,0.9455278601628834
2,0.7644375134980802
1,0.9786863920634232
0,1.4243656907055977
1,1.3594716398545748
2,0.5694562737417983
2,0.8262307685210889
2,0.948405933876586
0,1.017769065301593
1,1.2111087838770231
0,0.8977376646777209
2,0.8757758949019381
1,0.9114508940938304
0,0.722676346547928
1,1.0751987997852543
2,1.1850073399434111
2,1.078133591826145
2,0.8687030627564194
2,0.2870834117714214
1,0.9573067126628988
1,0.8305738126942952
0,1.2217019483306908
1,0.884487229691274
0,0.9008009804950916
0,1.266804561629498
1,1.1488288023157902
2,0.5440300839524066
1,0.9360781941638834
1,1.0616140596640655
1,0.8434516167066022
1,0.8820394294339164
0,1.393983058327649
0,0.9995215489144011
1,1.364974856574861
1,0.5361273595365785
0,0.6466118212088074
0,0.2656440393429997
0,1.4000902792971583
0,1.1622448487432244
0,0.9125857355895162
1,1.2075754164682726
0,0.8810605174956532
1,1.5275148268578933
2,0.4171120616217652
0,1.1387127829584065
1,1.0443591239089187
0,0.7619719797589259
0,1.066902683759395
2,0.7510330122898696
2,0.8288690173175722
1,0.8174835268229117
0,1.1473425072184118
0,1.7305919435869406
0,1.077671288152941
0,1.1094979708464048
2,0.8359797205695827
1,0.978418122756124
1,1.0053717512304845
1,1.106233339716482
1,0.6436327477454142
2,0.915192031375683
1,1.0844617214501686
0,1.8544903762028755
0,1.3707865062197584
0,0.8912035929737385
1,0.8425807422449337
0,1.3116294539739783
1,0.3684633961074154
0,0.8087921198101635
0,1.0318950546291603
1,0.8777048754118368
2,0.8505870163991749
0,0.9373487112603128
1,1.0378704328925323
0,1.293781049404061
0,0.9501144086050316
0,1.718178926693268
1,1.538205409110617
0,1.1297051349624212
0,0.8652379043772953
0,1.2412678740812444
0,0.9445716501872984
2,0.3004880080943626
0,1.378377395775826
0,1.7984100164458692
1,0.7955678431564478
0,1.7084658511736848
2,0.9673330845984988
1,0.9034288372108108
0,1.0699231948208894
0,1.197872373753968
1,0.9709977248193696
2,0.2866947810474148
2,1.1855122478554567
0,1.2301846294981278
0,1.3681777551569194
2,0.2899903905162024
0,0.9728242648864698
0,1.308037220227278
0,0.8479326762996493
0,1.353753016389362
1,1.3733375942057364
1,0.9309690985459158
1,0.7115189879543782
0,1.2085897661528984
0,1.244569725555266
1,1.1480827286580952
2,0.4664218564187763
1,0.4934506030047609
2,0.6010060368476766
0,0.7298361286397048
2,0.6260259727274431
0,0.9733908453310957
0,0.5558843086533325
2,0.762073267254664
1,0.917829263804208
0,0.4139908175743589
0,0.6415913541171681
2,0.768053171401766
2,1.41241882102338
2,0.4077294518203813
0,1.3064410767051975
0,1.1773278046703697
0,0.8064168426407718
2,0.7188761614543191
0,0.8732214427954528
0,1.099807234429989
0,0.8970667008078417
0,2.069119737461904
1,1.1724861490591802
2,0.4174654027682541
0,0.6067433144953611
2,0.592317230015574
1,0.8759781145849952
0,1.286547276722276
2,0.991670998257973
0,1.7368297843931335
0,0.6450647706309374
1,1.222466413620456
1,0.998281228174676
0,1.126081473304566
0,1.5795192824092492
0,0.696037946594686
2,2.2228185282999107
0,1.3909145346741525
0,0.8330050789861048
1,0.9430746065056042
1,1.1826966460125723
1,0.8940686558017314
0,0.7533420390991519
0,1.17560172655965
2,1.1078549310562966
0,2.9565576668458675
0,1.005715712250378
1,0.9749990446734378
1,1.0457940914562318
1,1.8996016823363664
0,0.4727535639151393
1,1.308787299315897
0,1.596256544707673
2,0.4447095705742753
2,0.8678277903377476
0,1.2153023986055589
2,0.7035557110173731
1,0.8867985528690383
0,0.9032147824947288
0,0.6711162778853462
1,1.656460462755998
1,0.7061284126435221
1,0.9729992764513892
1,0.7260263939494398
0,1.2758599710805365
0,1.2561189556396375
1,1.0409337857547056
0,1.3338451136859248
1,0.925153716850332
0,1.0649222621407253
1,1.7034474827324295
1,1.5399509461707377
1,1.2648075083345685
0,0.8853751045945724
1,0.9336467603532695
1,1.228177323736077
0,0.6359846235761779
0,1.5635656919498049
0,1.3054394884604203
0,1.121452278430695
0,1.6800623770517422
0,0.7664761069279398
1,0.6234547494724438
1,1.326780545349266
1,0.9817916369789828
2,1.110462978345879
1,0.7810992591174095
2,0.9376049965487744
0,0.965268681942633
2,0.6751935911212861
0,0.6430784316505085
1,1.3584120660834742
0,1.5613309705185543
2,0.5394919742471302
1,1.6769698843945662
0,1.2643985438873528
1,1.366625537098285
1,0.6965975100578117
0,1.3375448274796922
2,0.557803398399926
0,1.2109215220651777
0,1.0478972515930995
2,0.5604523904973792
1,1.1759622066934412
1,0.9745964034169674
1,1.415589445337674
1,0.4796998564726213
2,0.3143301632114227
1,1.1252325228412587
1,0.7782273075918624
0,0.6889030894478192
0,1.070022065659714
0,1.211354197753736
1,0.3764223778439238
0,0.6220200069209341
0,1.1837638370482182
0,0.7900004300754513
0,0.6536714169882312
0,0.8107270863099525
1,1.105839281694216
0,1.5215101520781218
0,0.9724550660189945
1,1.0619144063344956
0,1.0523451659826153
0,0.7548999826129257
0,0.994529643033502
0,1.1823334667601544
0,0.6669665324643574
1,1.098120361934661
0,0.861192167071863
0,0.9058207318332157
0,1.4378270549605074
0,0.8592366197505052
1,1.1119305756351427
2,0.7356531175856429
0,0.816258155931564
0,0.5147219569922754
0,0.5933733261229572
0,1.3778587898657395
0,0.7284273770465575
0,1.5389081034659853
1,1.142915182211369
0,1.2873053469064626
0,1.6309640103453944
1,0.8644737379740527
0,1.1013158135945114
0,0.8487620404855534
2,0.7048545798669923
0,1.2383555882747732
0,1.1061574217196704
